{"stats":{"minecraft:picked_up":{"minecraft:stick":2,"minecraft:sand":1},"minecraft:custom":{"minecraft:jump":333,"minecraft:time_since_rest":11745,"minecraft:crouch_one_cm":1197,"minecraft:walk_on_water_one_cm":849,"minecraft:sprint_one_cm":27482,"minecraft:play_time":11745,"minecraft:damage_taken":20,"minecraft:time_since_death":11745,"minecraft:walk_one_cm":17258,"minecraft:sneak_time":744,"minecraft:total_world_time":11745,"minecraft:walk_under_water_one_cm":302,"minecraft:swim_one_cm":3119,"minecraft:fall_one_cm":4609,"minecraft:fly_one_cm":47061},"minecraft:mined":{"minecraft:dead_bush":1,"minecraft:sand":1}},"DataVersion":3955}